Codon	RSCU	RSCU	RSCU	RSCU	RSCU	RSCU	RSCU
GCA	1.0757	1.1382	1.1579	1.0703	1.1517	1.1765	1.1325
GCC	1.2533	1.2466	1.2105	1.2216	1.1928	1.2193	1.2052
GCG	0.4178	0.336	0.3368	0.3676	0.3907	0.3422	0.3948
GCU	1.2533	1.2791	1.2947	1.3405	1.2648	1.262	1.2675
UGC	1.0286	1.0638	1.0972	1.0657	1.0563	1.0423	1.0496
UGU	0.9714	0.9362	0.9028	0.9343	0.9437	0.9577	0.9504
GAC	0.9598	0.981	1	0.9409	0.9731	0.9488	0.9626
GAU	1.0402	1.019	1	1.0591	1.0269	1.0512	1.0374
GAA	1.1436	1.1707	1.127	1.1649	1.1711	1.1568	1.1627
GAG	0.8564	0.8293	0.873	0.8351	0.8289	0.8432	0.8373
UUC	0.9793	0.9384	0.9931	0.9896	0.9895	0.9662	0.9691
UUU	1.0207	1.0616	1.0069	1.0104	1.0105	1.0338	1.0309
GGA	1.527	1.5152	1.5489	1.5279	1.5189	1.5218	1.5279
GGC	0.8253	0.8128	0.834	0.8108	0.8185	0.8213	0.825
GGG	0.7443	0.7547	0.7092	0.7469	0.7502	0.7407	0.7398
GGU	0.9034	0.9173	0.9078	0.9144	0.9125	0.9162	0.9073
CAC	1.265	1.1111	1.1892	1.1695	1.2252	1.1933	1.2203
CAU	0.735	0.8889	0.8108	0.8305	0.7748	0.8067	0.7797
AUA	0.7762	0.7543	0.7214	0.8034	0.763	0.8074	0.7803
AUC	1.064	1.0371	1.0821	1.0342	1.0665	1.0028	1.0405
AUU	1.1599	1.2086	1.1965	1.1624	1.1705	1.1898	1.1792
AAA	1.2328	1.249	1.2562	1.2418	1.2375	1.2314	1.2337
AAG	0.7672	0.751	0.7438	0.7582	0.7625	0.7686	0.7663
CUA	0.47	0.4469	0.4468	0.4417	0.4465	0.4386	0.4686
CUC	1.2535	1.1696	1.1854	1.2515	1.2465	1.2131	1.2496
CUG	1.5576	1.5214	1.5046	1.5552	1.6	1.5397	1.5804
CUU	1.1613	1.2171	1.2857	1.2147	1.1442	1.1851	1.1669
UUA	0.6544	0.7036	0.6109	0.6626	0.6605	0.6812	0.6524
UUG	0.9032	0.9414	0.9666	0.8742	0.9023	0.9425	0.8821
AAC	0.9254	0.9559	1.0149	0.9624	0.9571	0.9343	0.9552
AAU	1.0746	1.0441	0.9851	1.0376	1.0429	1.0657	1.0448
CCA	1.6723	1.6861	1.6773	1.6925	1.6692	1.7018	1.694
CCC	0.6081	0.6068	0.6166	0.5985	0.6247	0.5965	0.5996
CCG	0.2178	0.2016	0.1871	0.2098	0.2314	0.2148	0.2074
CCU	1.5018	1.5055	1.519	1.4992	1.4747	1.487	1.499
CAA	0.8733	0.9189	0.8686	0.8824	0.8672	0.8871	0.8865
CAG	1.1267	1.0811	1.1314	1.1176	1.1328	1.1129	1.1135
AGA	2.4942	2.4537	2.3802	2.4529	2.484	2.4675	2.487
AGG	0.8895	0.9134	0.8099	0.9353	0.8571	0.8698	0.9217
CGA	0.6802	0.6985	0.7273	0.7059	0.7172	0.7101	0.6783
CGC	0.6977	0.7164	0.7107	0.6529	0.6997	0.6746	0.6609
CGG	0.5756	0.6448	0.6942	0.6353	0.6472	0.6036	0.6087
CGU	0.6628	0.5731	0.6777	0.6176	0.5948	0.6746	0.6435
AGC	1.0909	1.047	1.0756	1.1348	1.113	1.1455	1.1416
AGU	1.1308	1.1007	1.0756	1.0304	0.9851	1.0364	1.1018
UCA	1.1973	1.1544	1.1274	1.187	1.1514	1.2	1.208
UCC	1.0643	1.1409	1.0756	1.1739	1.1386	1.1318	1.0619
UCG	0.1463	0.1477	0.2592	0.1696	0.2687	0.15	0.146
UCU	1.3703	1.4094	1.3866	1.3043	1.3433	1.3364	1.3407
ACA	1.3238	1.2015	1.3515	1.3665	1.2669	1.3564	1.3188
ACC	1.1388	1.1868	1.2014	1.1103	1.1673	1.0519	1.1449
ACG	0.427	0.5128	0.3823	0.4413	0.4698	0.4706	0.4348
ACU	1.1103	1.0989	1.0648	1.0819	1.0961	1.1211	1.1014
GUA	0.63	0.75	0.5843	0.6394	0.5652	0.6691	0.6423
GUC	0.674	0.6765	0.764	0.7286	0.7536	0.684	0.7153
GUG	1.5238	1.4706	1.573	1.5613	1.5652	1.5019	1.5036
GUU	1.1722	1.1029	1.0787	1.0706	1.1159	1.145	1.1387
UAC	1.113	1.0909	1.1826	1.094	1.1478	1.1478	1.1304
UAU	0.887	0.9091	0.8174	0.906	0.8522	0.8522	0.8696
