GCA	0.0016650357142857
GCC	0.00047604571428571
GCG	0.0010604680952381
GCU	0.00088346904761905
UGC	0.00046882952380952
UGU	0.00046882952380952
GAC	0.00040079
GAU	0.00040079
GAA	0.00026005142857143
GAG	0.00026005142857143
UUC	0.00037021904761905
UUU	0.00037021904761905
GGA	0.00011880666666667
GGC	6.3506666666667e-05
GGG	0.00022176571428571
GGU	2.6952380952381e-05
CAC	0.002361259047619
CAU	0.002361259047619
AUA	0.00087995476190476
AUC	0.00069308952380952
AUU	0.00033068476190476
AAA	8.626619047619e-05
AAG	8.626619047619e-05
CUA	0.00016084666666667
CUC	0.0012260057142857
CUG	0.0010804757142857
CUU	0.002282109047619
UUA	0.00080881
UUG	0.0011926228571429
AAC	0.00081573142857143
AAU	0.00081573142857143
CCA	0.00014840952380952
CCC	0.00010724952380952
CCG	0.00019060142857143
CCU	0.00019633571428571
CAA	0.00031133904761905
CAG	0.00031133904761905
AGA	0.0014981657142857
AGG	0.0018921395238095
CGA	0.00033323
CGC	0.00061623952380952
CGG	0.0014624280952381
CGU	0.0016644723809524
AGC	0.0013888947619048
AGU	0.002577509047619
UCA	0.00093372238095238
UCC	0.0019792323809524
UCG	0.0030625723809524
UCU	0.0012407828571429
ACA	0.0034885533333333
ACC	0.0025515361904762
ACG	0.001693449047619
ACU	0.00034057285714286
GUA	0.0036249961904762
GUC	0.0013647814285714
GUG	0.0015175080952381
GUU	0.0013530380952381
UAC	0.0010854433333333
UAU	0.0010854433333333
