#Uploaded_variation	Protein_position	Frequency
X:108440132:C:G	3	7.56E-06
X:108440156:G:A	11	2.27E-05
X:108440156:G:T	11	1.13E-05
X:108440157:G:T	11	7.18E-05
X:108440158:C:T	11	7.18E-05
X:108440159:T:A	12	3.78E-06
X:108440165:T:G	14	3.78E-06
X:108440176:G:A	17	3.78E-06
X:108440182:T:C	19	1.13E-05
X:108440183:T:C	20	3.78E-06
X:108440188:G:A	21	1.51E-05
X:108440191:G:A	22	3.78E-06
X:108539753:A:C	30	7.56E-06
X:108539753:A:G	30	6.80E-05
X:108539754:T:C	30	4.91E-05
X:108539772:A:G	36	2.64E-05
X:108539775:G:C	37	7.56E-06
X:108539777:G:T	38	7.56E-06
X:108539788:G:A	42	3.02E-05
X:108539792:T:C	43	7.56E-06
X:108539796:A:C	44	2.27E-05
X:108539800:G:A	46	3.78E-06
X:108559068:A:G	49	7.56E-06
X:108559076:T:A	52	7.56E-06
X:108559081:A:G	53	3.78E-06
X:108559086:T:G	55	3.78E-05
X:108559091:G:A	57	3.78E-06
X:108559094:C:T	58	1.89E-05
X:108559105:G:T	61	2.27E-05
X:108559107:C:T	62	3.78E-06
X:108559112:T:C	64	7.56E-06
X:108559117:A:G	65	7.56E-06
X:108559134:C:T	71	3.78E-06
X:108559135:G:A	71	7.56E-06
X:108559142:C:T	74	3.02E-05
X:108559143:G:T	74	1.51E-05
X:108559149:A:C	76	3.78E-06
X:108559153:G:A	77	7.56E-06
X:108563905:A:G	85	7.56E-06
X:108563912:C:A	88	3.78E-06
X:108563912:C:T	88	6.04E-05
X:108563921:A:G	91	1.13E-05
X:108568632:C:A	94	1.13E-05
X:108568633:C:T	94	3.78E-06
X:108568639:G:C	96	3.78E-06
X:108568655:A:G	101	3.78E-06
X:108568661:A:C	103	4.53E-05
X:108568662:C:G	104	3.78E-06
X:108568665:G:A	105	3.78E-06
X:108568671:C:T	107	6.04E-05
X:108568768:G:A	111	3.78E-06
X:108568773:C:T	112	2.64E-05
X:108568781:C:T	115	2.64E-05
X:108568785:A:G	116	3.02E-05
X:108568798:A:G	121	2.64E-05
X:108568803:C:T	122	1.51E-05
X:108571419:C:T	131	0.000120896
X:108571420:G:A	131	2.27E-05
X:108571425:T:A	133	7.56E-06
X:108571430:A:T	134	1.51E-05
X:108571434:A:G	136	3.40E-05
X:108571437:C:A	137	7.56E-06
X:108571439:C:T	137	1.51E-05
X:108571461:C:T	145	3.78E-05
X:108571815:C:T	148	3.40E-05
X:108571822:G:T	150	7.56E-06
X:108571832:A:G	154	1.51E-05
X:108573587:G:A	160	3.78E-06
X:108573589:A:G	161	2.27E-05
X:108573596:T:C	163	0.00011334
X:108573600:A:G	164	3.78E-06
X:108573632:A:C	175	3.78E-06
X:108573636:A:G	176	3.78E-05
X:108573640:C:T	178	3.78E-06
X:108573654:A:G	182	3.78E-06
X:108575917:C:G	185	7.56E-06
X:108575918:T:C	185	3.78E-06
X:108575919:G:A	186	7.56E-06
X:108575930:T:C	189	1.89E-05
X:108575931:A:G	190	0.000109562
X:108575941:C:T	193	1.89E-05
X:108575943:A:G	194	0.000128452
X:108575944:T:C	194	1.13E-05
X:108575952:C:T	197	1.89E-05
X:108575963:A:C	200	1.13E-05
X:108577956:C:G	205	7.56E-06
X:108577964:C:T	208	7.56E-06
X:108577967:C:G	209	3.78E-06
X:108578109:A:C	226	1.89E-05
X:108578114:G:A	228	1.13E-05
X:108578294:G:A	231	1.51E-05
X:108578314:A:G	237	3.78E-06
X:108578333:A:T	244	1.13E-05
X:108578335:C:G	244	7.56E-06
X:108578349:G:T	249	3.78E-06
X:108578353:A:G	250	1.51E-05
X:108578355:T:C	251	3.78E-06
X:108578359:T:C	252	1.13E-05
X:108578360:G:A	253	3.78E-06
X:108578374:A:G	257	3.78E-06
X:108578376:G:A	258	7.56E-06
X:108578380:T:A	259	1.89E-05
X:108578382:A:G	260	7.56E-06
X:108580545:G:A	265	1.13E-05
X:108580548:C:G	266	7.56E-06
X:108580549:G:A	266	3.78E-06
X:108580575:C:T	275	4.53E-05
X:108580576:G:A	275	2.27E-05
X:108580582:C:T	277	7.56E-06
X:108580585:C:T	278	3.78E-06
X:108580682:G:C	279	1.13E-05
X:108580683:G:T	279	7.56E-06
X:108580691:G:A	282	3.78E-06
X:108580694:G:A	283	1.13E-05
X:108580698:A:T	284	3.78E-06
X:108580705:T:C	286	9.82E-05
X:108580708:G:A	287	9.07E-05
X:108580709:A:G	288	7.56E-06
X:108580711:G:C	288	3.78E-05
X:108580718:C:G	291	7.56E-06
X:108580719:A:C	291	2.27E-05
X:108580727:C:T	294	0.000109562
X:108580990:C:T	300	7.18E-05
X:108580994:C:A	301	3.40E-05
X:108580998:G:C	303	2.64E-05
X:108581000:T:C	303	0.00229325
X:108581009:T:C	306	3.78E-06
X:108581017:C:G	309	7.56E-06
X:108581022:A:G	311	1.51E-05
X:108582889:G:A	314	7.56E-06
X:108582900:C:G	318	7.56E-06
X:108582919:C:T	324	1.51E-05
X:108582927:A:G	327	7.56E-06
X:108582928:T:C	327	3.78E-06
X:108582937:G:T	330	3.78E-06
X:108584486:C:A	331	3.40E-05
X:108584492:A:G	333	3.78E-06
X:108584501:T:G	336	1.13E-05
X:108584506:C:A	338	7.56E-06
X:108584506:C:T	338	3.78E-06
X:108584523:C:G	344	3.78E-06
X:108586617:A:C	345	3.78E-06
X:108586618:A:G	346	7.56E-06
X:108586622:C:T	347	2.64E-05
X:108586625:G:A	348	6.80E-05
X:108586627:C:T	349	3.78E-06
X:108586629:T:C	349	3.78E-06
X:108586639:A:G	353	1.51E-05
X:108586645:A:C	355	3.78E-06
X:108586651:G:A	357	1.51E-05
X:108586654:A:G	358	3.78E-06
X:108586663:A:G	361	3.78E-06
X:108586668:G:A	362	1.51E-05
X:108586668:G:T	362	7.56E-06
X:108586673:C:T	364	7.56E-06
X:108586674:T:C	364	7.56E-06
X:108586677:G:C	365	0.122619003
X:108586696:G:C	372	3.78E-06
X:108586700:G:A	373	1.13E-05
X:108586709:C:G	376	3.78E-06
X:108591063:G:A	391	1.13E-05
X:108591076:C:T	395	7.56E-06
X:108591078:C:T	396	1.13E-05
X:108591079:C:T	396	0.000555367
X:108591107:G:T	405	3.78E-06
X:108591119:T:C	409	1.13E-05
X:108591122:T:C	410	3.78E-06
X:108591167:C:T	425	0.000139786
X:108591173:G:A	427	3.78E-06
X:108591180:G:A	430	3.78E-06
X:108591180:G:C	430	3.78E-06
X:108591181:C:A	430	0.00337376
X:108591181:C:T	430	7.56E-06
X:108591185:T:C	431	3.78E-06
X:108591218:T:A	442	1.51E-05
X:108591219:C:T	443	1.13E-05
X:108591220:A:G	443	3.78E-06
X:108591222:A:G	444	3.78E-06
X:108591223:T:G	444	0.120480999
X:108591561:G:A	447	7.56E-06
X:108591564:A:T	448	1.13E-05
X:108591568:G:A	449	7.56E-06
X:108591570:T:G	450	7.56E-06
X:108591571:A:G	450	1.13E-05
X:108591575:G:A	452	1.51E-05
X:108591586:T:C	455	1.13E-05
X:108591594:C:T	458	3.78E-06
X:108591602:T:C	461	3.78E-06
X:108591625:A:G	468	3.78E-06
X:108595512:A:C	476	3.78E-06
X:108595512:A:G	476	7.56E-06
X:108595522:C:T	479	3.78E-06
X:108595528:C:T	481	3.78E-06
X:108595538:A:G	485	1.51E-05
X:108595542:G:A	486	3.78E-06
X:108595545:C:G	487	3.78E-06
X:108595548:G:A	488	7.56E-06
X:108595554:C:T	490	3.78E-06
X:108595568:C:A	495	7.56E-06
X:108595572:C:T	496	3.78E-06
X:108595588:C:A	501	4.91E-05
X:108595589:C:T	502	1.89E-05
X:108595596:C:T	504	5.67E-05
X:108597016:G:A	512	1.89E-05
X:108597027:G:A	516	7.56E-06
X:108597027:G:C	516	1.13E-05
X:108597040:C:T	520	3.78E-06
X:108597050:T:C	523	7.56E-06
X:108597057:A:G	526	7.56E-06
X:108597065:A:G	528	2.64E-05
X:108597379:C:T	530	3.78E-06
X:108597417:C:A	543	7.56E-06
X:108597429:C:T	547	3.78E-06
X:108597473:G:A	562	0.000173788
X:108597475:G:A	562	3.78E-06
X:108597487:T:C	566	8.69E-05
X:108597495:C:T	569	7.56E-06
X:108597501:T:C	571	3.78E-06
X:108597517:C:A	576	1.13E-05
X:108597541:A:G	584	1.51E-05
X:108597553:C:G	588	3.78E-06
X:108597555:C:T	589	3.78E-06
X:108597556:G:A	589	3.78E-06
X:108597557:A:G	590	6.42E-05
X:108597563:G:C	592	3.78E-06
X:108598716:T:A	598	7.56E-06
X:108598720:G:A	600	3.78E-06
X:108598732:C:A	604	5.67E-05
X:108598735:C:A	605	3.78E-06
X:108598749:T:A	609	2.64E-05
X:108598754:C:T	611	7.56E-06
X:108598755:A:C	611	3.78E-06
X:108598782:G:A	620	7.56E-06
X:108598785:T:A	621	3.78E-06
X:108598788:C:T	622	1.13E-05
X:108598793:G:A	624	5.67E-05
X:108598793:G:T	624	7.56E-06
X:108598797:C:T	625	1.13E-05
X:108598803:T:G	627	3.78E-06
X:108598811:C:T	630	7.56E-06
X:108598827:C:T	635	7.56E-06
X:108598828:A:G	636	1.51E-05
X:108598831:C:A	637	4.16E-05
X:108598857:G:A	645	3.40E-05
X:108598860:A:G	646	7.56E-06
X:108598864:A:G	648	3.02E-05
X:108598868:C:T	649	3.78E-06
X:108601414:A:G	657	7.56E-06
X:108601416:A:C	658	7.56E-06
X:108601416:A:G	658	3.78E-06
X:108601419:A:G	659	5.29E-05
X:108601423:C:T	660	7.56E-06
X:108601430:G:A	662	7.56E-06
X:108601436:G:T	664	0.00782803
X:108601448:T:G	668	4.91E-05
X:108601461:A:G	673	0.00032113
X:108601483:C:T	680	3.78E-06
X:108601889:C:T	682	3.78E-06
X:108601898:T:C	685	0.120748997
X:108601926:C:T	695	3.78E-06
X:108601950:A:G	703	1.51E-05
X:108601952:C:A	703	1.51E-05
X:108601959:A:G	706	7.56E-06
X:108601963:G:A	707	3.78E-06
X:108602983:A:G	722	1.13E-05
X:108602985:C:G	723	3.78E-06
X:108603005:C:T	730	7.56E-06
X:108603012:G:A	732	3.78E-06
X:108603015:T:C	733	3.78E-06
X:108603023:G:C	736	3.78E-06
X:108603029:C:G	738	1.13E-05
X:108603032:C:G	739	0.000578035
X:108603033:C:A	739	0.000872719
X:108603043:C:T	742	3.78E-06
X:108603045:G:C	743	3.78E-06
X:108603046:C:T	743	1.89E-05
X:108603050:C:G	745	2.27E-05
X:108603061:G:A	748	3.78E-06
X:108606752:G:T	752	3.78E-06
X:108606774:T:G	759	1.13E-05
X:108606783:A:C	762	3.78E-06
X:108606783:A:G	762	6.80E-05
X:108606787:C:T	764	3.78E-06
X:108606791:C:T	765	3.78E-06
X:108606792:A:G	765	4.16E-05
X:108606808:C:G	771	3.78E-06
X:108606814:C:T	773	5.29E-05
X:108606826:C:T	777	3.78E-06
X:108606827:G:A	777	7.56E-06
X:108606835:C:G	780	4.53E-05
X:108606845:C:T	783	1.89E-05
X:108606846:G:A	783	0.120567001
X:108606859:C:T	788	3.02E-05
X:108606860:G:A	788	0.000124674
X:108606868:T:G	791	3.78E-05
X:108606872:A:G	792	1.51E-05
X:108606876:G:A	793	7.56E-06
X:108606877:C:T	794	3.78E-06
X:108606889:A:G	798	7.56E-06
X:108614915:T:C	800	0.000185122
X:108614918:T:A	801	7.56E-06
X:108614918:T:C	801	2.27E-05
X:108614922:C:T	803	3.78E-06
X:108614923:C:T	803	7.56E-06
X:108614930:A:G	805	3.78E-06
X:108614941:C:T	809	3.78E-06
X:108614945:G:T	810	9.82E-05
X:108614949:C:T	812	1.13E-05
X:108614957:G:A	814	7.56E-06
X:108614964:G:A	817	1.13E-05
X:108614978:G:C	821	3.78E-06
X:108614981:A:G	822	2.27E-05
X:108614985:C:T	824	3.78E-06
X:108614993:A:G	826	3.78E-06
X:108615012:A:G	833	7.56E-06
X:108620265:A:G	839	3.02E-05
X:108620269:A:G	840	7.56E-06
X:108620275:A:G	842	2.27E-05
X:108620278:A:G	843	4.53E-05
X:108620281:G:A	844	1.51E-05
X:108620282:A:G	845	1.89E-05
X:108620301:C:G	851	1.51E-05
X:108620307:T:G	853	7.56E-06
X:108620320:A:G	857	9.45E-05
X:108620321:C:A	858	0.000128452
X:108620329:T:G	860	2.27E-05
X:108620333:A:G	862	2.64E-05
X:108620340:G:T	864	3.78E-06
X:108620347:G:C	866	7.56E-06
X:108620349:T:C	867	1.13E-05
X:108620353:C:G	868	3.78E-06
X:108620353:C:T	868	2.27E-05
X:108620356:A:G	869	2.27E-05
X:108620357:G:A	870	1.13E-05
X:108620389:A:C	880	7.56E-06
X:108620389:A:T	880	3.78E-06
X:108620393:C:T	882	3.78E-06
X:108620406:C:G	886	1.89E-05
X:108620415:C:G	889	2.27E-05
X:108621806:C:T	894	4.16E-05
X:108621815:A:C	897	3.78E-06
X:108621817:A:G	898	0.00015112
X:108621823:A:T	900	3.78E-06
X:108621825:G:A	900	3.78E-06
X:108621838:G:A	905	1.13E-05
X:108621840:C:T	905	3.78E-06
X:108621841:C:A	906	3.78E-06
X:108621842:C:T	906	3.78E-06
X:108621845:C:T	907	7.56E-06
X:108621863:C:G	913	7.56E-06
X:108621872:G:A	916	7.56E-06
X:108621876:T:A	917	1.51E-05
X:108621877:G:A	918	7.56E-06
X:108621886:C:G	921	7.56E-06
X:108622689:G:T	927	7.56E-06
X:108622705:C:T	933	3.78E-05
X:108622710:T:C	934	3.78E-06
X:108622734:T:C	942	7.56E-06
X:108622743:G:T	945	3.78E-06
X:108622744:C:G	946	3.78E-06
X:108622758:C:T	950	3.78E-06
X:108622761:T:C	951	2.64E-05
X:108622766:G:T	953	0.00146209
X:108622773:G:A	955	3.78E-06
X:108622790:G:T	961	1.13E-05
X:108622795:A:G	963	7.56E-06
X:108622814:C:A	969	3.40E-05
X:108622818:C:T	970	7.56E-06
X:108622824:A:G	972	3.78E-06
X:108622825:G:A	973	3.78E-06
X:108624266:A:G	983	1.13E-05
X:108624279:T:G	987	3.78E-06
X:108624297:T:G	993	0.000196456
X:108624305:G:A	996	1.89E-05
X:108624315:T:A	999	1.13E-05
X:108624316:G:A	1000	3.02E-05
X:108624319:T:C	1001	4.91E-05
X:108625707:C:T	1007	3.78E-06
X:108625710:A:G	1008	2.64E-05
X:108625711:A:G	1008	0.000385356
X:108625717:A:G	1010	0.000313574
X:108625729:C:G	1014	3.78E-06
X:108625746:A:G	1020	3.78E-06
X:108625747:T:C	1020	7.56E-06
X:108625752:C:A	1022	3.78E-06
X:108625755:C:T	1023	7.56E-06
X:108625772:C:T	1028	1.89E-05
X:108625783:T:C	1032	1.89E-05
X:108626211:G:A	1036	7.56E-06
X:108626212:C:T	1037	3.78E-06
X:108626217:G:A	1038	7.56E-05
X:108626244:T:C	1047	3.78E-06
X:108626251:C:T	1050	0.00146964
X:108626252:C:A	1050	3.78E-06
X:108626252:C:G	1050	3.78E-06
X:108626258:A:C	1052	2.27E-05
X:108626265:C:T	1054	1.51E-05
X:108626279:C:T	1059	3.78E-06
X:108626285:A:G	1061	7.56E-06
X:108626288:A:C	1062	7.56E-06
X:108626292:C:A	1063	1.89E-05
X:108626292:C:T	1063	1.89E-05
X:108626293:G:A	1064	7.56E-06
X:108626309:G:T	1069	3.78E-06
X:108626311:A:G	1070	1.13E-05
X:108626320:A:G	1073	7.56E-06
X:108626323:G:A	1074	3.78E-06
X:108626323:G:C	1074	7.56E-06
X:108626329:C:T	1076	7.56E-06
X:108626335:C:T	1078	3.78E-06
X:108655335:A:C	1084	0.000181344
X:108655351:A:G	1089	7.56E-06
X:108655352:T:C	1090	1.13E-05
X:108655380:C:T	1099	0.0001889
X:108655389:A:T	1102	3.78E-06
X:108655396:T:C	1104	0.00035891
X:108655401:C:G	1106	7.56E-06
X:108655402:C:G	1106	7.56E-06
X:108655402:C:T	1106	3.78E-06
X:108655422:G:C	1113	3.78E-06
X:108655433:C:G	1117	3.78E-06
X:108655440:G:C	1119	3.78E-06
X:108665517:C:A	1128	1.51E-05
X:108665518:C:T	1129	7.56E-06
X:108665529:A:G	1132	3.78E-06
X:108665534:G:A	1134	3.78E-06
X:108665536:A:G	1135	4.53E-05
X:108665557:C:T	1142	3.78E-06
X:108665559:C:T	1142	0.00039669
X:108665560:G:A	1143	3.78E-06
X:108665562:C:A	1143	3.78E-06
X:108665581:C:T	1150	7.56E-06
X:108666498:G:C	1153	5.29E-05
X:108666510:C:T	1157	1.51E-05
X:108666517:A:G	1159	3.78E-06
X:108666520:C:G	1160	1.51E-05
X:108666529:C:T	1163	7.56E-06
X:108666533:C:T	1164	1.13E-05
X:108666534:G:A	1165	2.27E-05
X:108666539:A:G	1166	3.78E-06
X:108666548:C:T	1169	1.13E-05
X:108666554:A:G	1171	0.155374005
X:108666556:A:G	1172	3.78E-06
X:108666560:T:G	1173	0.034938999
X:108666591:C:A	1184	1.13E-05
X:108666591:C:T	1184	1.13E-05
X:108667137:A:G	1186	3.78E-06
X:108667149:A:G	1190	2.27E-05
X:108667159:C:A	1194	3.78E-06
X:108667160:C:T	1194	3.78E-06
X:108667161:C:T	1194	7.56E-06
X:108668323:A:G	1203	3.78E-06
X:108668342:C:G	1210	3.78E-06
X:108668361:C:T	1216	3.78E-06
X:108668376:C:T	1221	1.51E-05
X:108668378:A:G	1222	3.78E-06
X:108668383:C:T	1223	1.89E-05
X:108668384:G:A	1224	3.78E-06
X:108668398:C:T	1228	2.27E-05
X:108668405:C:T	1231	1.13E-05
X:108668406:C:G	1231	7.56E-06
X:108668411:G:A	1233	1.51E-05
X:108668420:C:T	1236	3.78E-06
X:108668430:C:T	1239	3.02E-05
X:108668432:C:G	1240	3.78E-06
X:108668442:C:T	1243	3.78E-05
X:108668444:G:A	1244	3.78E-06
X:108668448:C:T	1245	7.56E-06
X:108668450:G:T	1246	0.00011334
X:108668453:C:G	1247	1.13E-05
X:108668454:T:C	1247	7.56E-06
X:108668462:C:T	1250	7.56E-06
X:108668482:C:T	1256	7.56E-06
X:108668484:A:G	1257	1.13E-05
X:108668485:A:G	1257	0.000306018
X:108668493:C:T	1260	7.56E-06
X:108668499:G:A	1262	7.56E-06
X:108670233:A:G	1266	7.18E-05
X:108674749:T:C	1268	3.78E-06
X:108677501:T:A	1270	1.13E-05
X:108677511:C:A	1274	1.13E-05
X:108677528:T:C	1279	3.78E-06
X:108677529:C:T	1280	6.42E-05
X:108677535:G:A	1282	3.78E-06
X:108677544:G:A	1285	3.78E-06
X:108677547:A:C	1286	7.56E-06
X:108677547:A:G	1286	2.27E-05
X:108677569:C:T	1293	5.29E-05
X:108677576:A:G	1295	7.56E-06
X:108677590:G:C	1300	3.78E-06
X:108677594:G:A	1301	3.78E-06
X:108677598:G:T	1303	1.13E-05
X:108677604:A:C	1305	3.78E-06
X:108677614:A:G	1308	0.000105784
X:108677623:C:T	1311	3.78E-06
X:108680686:C:G	1317	3.78E-06
X:108680691:C:T	1319	4.16E-05
X:108680692:G:A	1319	1.89E-05
X:108680693:G:T	1319	2.64E-05
X:108680694:C:T	1320	0.000234236
X:108680695:C:T	1320	2.64E-05
X:108680696:G:A	1320	0.000124674
X:108680700:C:G	1322	1.51E-05
X:108680703:A:G	1323	3.78E-06
X:108680704:A:G	1323	7.56E-06
X:108680705:T:A	1323	3.78E-06
X:108680707:G:A	1324	3.78E-06
X:108680724:G:A	1330	3.78E-06
X:108680729:C:T	1331	3.02E-05
X:108680885:G:C	1339	1.13E-05
X:108680887:A:G	1340	3.78E-06
X:108680907:A:T	1346	3.78E-06
X:108680936:C:T	1356	3.78E-06
X:108680937:G:A	1356	5.29E-05
X:108680940:A:G	1357	1.51E-05
X:108680940:A:T	1357	3.78E-06
X:108680941:C:A	1358	0.000124674
X:108680944:A:G	1359	7.18E-05
X:108680953:C:G	1362	3.78E-06
X:108681761:T:A	1363	7.56E-06
X:108681763:C:T	1364	7.56E-06
X:108681770:A:G	1366	3.78E-06
X:108681773:A:G	1367	3.78E-06
X:108681789:C:A	1373	0.000196456
X:108681797:C:T	1375	1.89E-05
X:108681813:G:A	1381	7.56E-06
X:108681827:A:G	1385	1.13E-05
X:108681844:G:T	1391	3.78E-06
X:108681845:G:A	1391	3.78E-06
X:108681847:T:C	1392	2.27E-05
X:108681848:A:G	1392	3.78E-06
X:108681852:G:A	1394	3.78E-06
X:108681852:G:C	1394	3.78E-06
X:108681852:G:T	1394	7.56E-06
X:108681858:C:T	1396	1.13E-05
X:108681859:C:T	1396	3.78E-06
X:108681881:C:T	1403	0.000109562
X:108681885:C:G	1405	1.51E-05
X:108686037:C:G	1408	0.00283728
X:108686053:T:A	1413	3.02E-05
X:108686060:C:T	1416	5.67E-05
X:108686061:G:A	1416	1.89E-05
X:108686062:C:T	1416	3.78E-06
X:108686069:C:T	1419	7.56E-06
X:108686077:C:T	1421	3.78E-06
X:108686080:T:C	1422	1.89E-05
X:108686081:G:A	1423	4.91E-05
X:108686084:G:A	1424	3.78E-05
X:108686093:G:C	1427	3.78E-06
X:108686095:G:A	1427	3.78E-06
X:108686096:C:T	1428	0.000430693
X:108686106:A:T	1431	3.78E-06
X:108686107:C:T	1431	0.111243002
X:108686123:C:G	1437	0.000120896
X:108687488:G:A	1441	3.78E-06
X:108687504:C:T	1446	3.78E-06
X:108687505:C:T	1447	7.56E-06
X:108687507:T:C	1447	7.56E-06
X:108687519:A:T	1451	0.000328686
X:108687523:C:A	1453	1.13E-05
X:108687530:C:T	1455	1.51E-05
X:108687538:C:T	1458	3.78E-06
X:108687548:C:A	1461	7.56E-06
X:108687555:T:C	1463	1.51E-05
X:108687563:A:T	1466	3.78E-06
X:108687567:A:T	1467	2.64E-05
X:108687581:G:A	1472	1.13E-05
X:108687596:C:G	1477	1.13E-05
X:108687596:C:T	1477	3.78E-06
X:108687597:G:A	1477	7.93E-05
X:108687598:G:A	1478	3.78E-06
X:108687602:C:T	1479	3.78E-06
X:108687604:C:G	1480	1.13E-05
X:108687609:A:G	1481	1.13E-05
X:108687622:A:G	1486	3.78E-06
X:108687642:C:T	1492	7.93E-05
X:108687645:T:C	1493	3.78E-06
X:108687666:A:G	1500	0.0098757
X:108687671:A:G	1502	3.78E-06
X:108687682:G:A	1506	1.89E-05
X:108687682:G:T	1506	1.89E-05
X:108692749:G:A	1510	1.13E-05
X:108692750:A:G	1511	7.56E-06
X:108692751:C:A	1511	7.56E-06
X:108692751:C:T	1511	1.13E-05
X:108692752:G:A	1511	2.64E-05
X:108692758:C:A	1513	1.51E-05
X:108692768:C:T	1517	8.69E-05
X:108692769:G:A	1517	3.78E-05
X:108692771:C:G	1518	7.56E-06
X:108692771:C:T	1518	3.78E-06
X:108692772:G:A	1518	2.27E-05
X:108692780:A:G	1521	1.13E-05
X:108692786:C:A	1523	7.93E-05
X:108692798:T:A	1527	3.78E-06
X:108692801:A:G	1528	3.78E-06
X:108692805:T:C	1529	3.78E-06
X:108692819:A:C	1534	3.78E-06
X:108692823:T:G	1535	7.56E-06
X:108692840:T:C	1541	1.89E-05
X:108692848:C:T	1543	1.51E-05
X:108692854:C:G	1545	1.13E-05
X:108692862:C:T	1548	0.000102006
X:108692873:C:A	1552	7.56E-06
X:108692876:A:G	1553	3.78E-06
X:108692887:A:G	1556	2.64E-05
X:108692888:C:T	1557	3.78E-06
X:108692889:C:T	1557	1.13E-05
X:108692905:C:T	1562	3.78E-06
X:108692908:C:G	1563	1.13E-05
X:108692911:G:A	1564	3.02E-05
X:108692912:C:G	1565	7.56E-06
X:108694826:C:G	1576	7.56E-06
X:108694835:G:A	1579	7.56E-06
X:108694840:C:G	1580	7.56E-06
X:108694840:C:T	1580	2.64E-05
X:108694841:G:A	1581	7.56E-06
X:108694841:G:T	1581	0.000166232
X:108694850:A:T	1584	3.78E-06
X:108694857:C:G	1586	1.51E-05
X:108694857:C:T	1586	1.13E-05
X:108694861:C:T	1587	4.91E-05
X:108694865:A:C	1589	7.56E-06
X:108695274:G:A	1610	7.56E-06
X:108695274:G:C	1610	3.78E-06
X:108695279:G:A	1612	3.78E-06
X:108695290:C:T	1615	3.78E-06
X:108695293:A:G	1616	3.78E-06
X:108695295:G:A	1617	3.78E-06
X:108695332:G:A	1629	1.13E-05
X:108695336:C:T	1631	3.78E-06
X:108695337:G:A	1631	1.51E-05
X:108695343:C:T	1633	0.000124674
X:108695347:C:T	1634	7.56E-06
X:108695360:C:T	1639	7.56E-06
X:108695373:C:T	1643	7.56E-06
X:108695382:A:G	1646	1.51E-05
X:108695409:T:G	1655	7.56E-06
X:108695417:G:C	1658	3.78E-06
X:108695422:T:A	1659	1.13E-05
X:108695424:T:C	1660	3.78E-06
X:108695426:T:C	1661	2.27E-05
X:108696306:G:A	1668	3.78E-05
X:108696314:C:T	1671	9.45E-05
X:108696315:G:A	1671	2.27E-05
X:108696318:G:A	1672	6.80E-05
X:108696335:G:A	1678	1.51E-05
X:108696339:A:C	1679	1.89E-05
X:108696351:A:T	1683	7.56E-06
X:108696357:A:G	1685	3.78E-06
X:108696364:A:G	1688	1.13E-05
X:108696371:G:C	1690	3.78E-06
X:108696373:A:G	1691	1.89E-05
