#Uploaded_variation	Protein_position	AF
X:107782983:A:G	30	0.0008
X:107783019:G:C	42	0.0003
X:107802365:G:A	71	0.0003
X:107807143:C:T	88	0.0003
X:107811901:C:T	107	0.0003
X:107814664:A:G	136	0.0011
X:107814693:T:C	145	0.0003
X:107816873:C:G	179	0.0003
X:107819173:A:G	194	0.0029
X:107823935:T:C	286	0.0005
X:107823938:G:A	287	0.0003
X:107824230:T:C	303	0.0013
X:107829847:A:C	345	0.0003
X:107829907:G:C	365	0.1505
X:107834309:C:T	396	0.0013
X:107834397:C:T	425	0.0000
X:107834411:C:A	430	0.0024
X:107834453:T:G	444	0.1494
X:107834801:A:G	450	0.0005
X:107838768:A:G	485	0.0003
X:107838812:A:G	499	0.0003
X:107840236:G:T	509	0.0003
X:107840659:C:T	547	0.0003
X:107841962:C:A	604	0.0003
X:107842010:A:G	620	0.0003
X:107842015:T:A	621	0.0003
X:107844653:C:T	660	0.0005
X:107844666:G:T	664	0.0032
X:107844691:A:G	673	0.0003
X:107845128:T:C	685	0.1499
X:107845155:A:T	694	0.0003
X:107846262:C:G	739	0.0034
X:107846263:C:A	739	0.0008
X:107850057:G:A	777	0.0005
X:107850076:G:A	783	0.1489
X:107850106:G:A	793	0.0005
X:107863523:A:G	848	0.0003
X:107863552:C:G	858	0.0005
X:107863586:A:G	869	0.0003
X:107865935:C:T	933	0.0003
X:107865996:G:T	953	0.0079
X:107866024:A:G	962	0.0003
X:107867527:T:G	993	0.0003
X:107868941:A:G	1008	0.0005
X:107868947:A:G	1010	0.0074
X:107868983:C:A	1022	0.0003
X:107869481:C:T	1050	0.0011
X:107869541:A:G	1070	0.0003
X:107898671:C:A	1119	0.0003
X:107908789:C:T	1142	0.0003
X:107909739:T:C	1156	0.0013
X:107909784:A:G	1171	0.1780
X:107909790:T:G	1173	0.0286
X:107911553:A:G	1203	0.0003
X:107911582:C:T	1213	0.0003
X:107911680:G:T	1246	0.0003
X:107911715:A:G	1257	0.0005
X:107920731:T:A	1270	0.0003
X:107923924:C:T	1320	0.0005
X:107924171:C:A	1358	0.0003
X:107924174:A:G	1359	0.0003
X:107925011:C:T	1370	0.0003
X:107925019:C:A	1373	0.0003
X:107925031:A:C	1377	0.0003
X:107929267:C:G	1408	0.0024
X:107929290:C:T	1416	0.0003
X:107929337:C:T	1431	0.1274
X:107930722:T:A	1442	0.0003
X:107930749:A:T	1451	0.0005
X:107930896:A:G	1500	0.0117
X:107938062:G:A	1578	0.0003
X:107938091:C:T	1587	0.0003
X:107938522:C:T	1616	0.0005
X:107938537:C:T	1621	0.0005
X:107938541:C:T	1622	0.0003
X:107939558:G:A	1676	0.0003
X:107939594:A:G	1688	0.0003
X:107939596:G:T	1688	0.0003
