Codon	RSCU	RSCU	RSCU	RSCU	RSCU	RSCU
GCA	0.8276	0.9823	1.0481	1.193	1.3249	1.6049
GCC	1.4759	1.5575	1.0192	1.213	1.1224	0.7173
GCG	0.5793	0.2655	0.1731	0.4712	0.4726	0.1216
GCU	1.1172	1.1947	1.7596	1.1228	1.0802	1.5562
UGC	1.5436	0.8383	1.0244	0.8286	1.0396	1.1
UGU	0.4564	1.1617	0.9756	1.1714	0.9604	0.9
GAC	1.1817	0.8619	0.9267	1.2379	0.9198	0.5445
GAU	0.8183	1.1381	1.0733	0.7621	1.0802	1.4555
GAA	0.9227	1.4199	1.0891	0.8973	1.2596	1.3565
GAG	1.0773	0.5801	0.9109	1.1027	0.7404	0.6435
UUC	1.55	0.8485	1.0159	0.927	0.5975	0.7415
UUU	0.45	1.1515	0.9841	1.073	1.4025	1.2585
GGA	1.3978	1.844	1.4354	1.4233	1.5867	1.4921
GGC	1.0568	0.6867	1.0459	0.9533	0.5734	0.6038
GGG	0.919	0.6317	0.692	0.7858	0.8885	0.5275
GGU	0.6264	0.8376	0.8267	0.8376	0.9515	1.3766
CAC	1.7231	0.9565	1.2923	1.0909	1.1204	0.9655
CAU	0.2769	1.0435	0.7077	0.9091	0.8796	1.0345
AUA	0.5455	0.937	0.5399	0.8223	0.9431	0.908
AUC	1.7622	0.7165	1.3736	0.8832	0.7324	0.7055
AUU	0.6923	1.3465	1.0866	1.2944	1.3244	1.3865
AAA	1.1248	1.2675	1.1187	1.2229	1.2984	1.4347
AAG	0.8752	0.7325	0.8813	0.7771	0.7016	0.5653
CUA	0.2877	0.438	0.6982	0.2531	0.5439	0.3841
CUC	1.4048	1.3058	1.2729	1.2	1.4363	0.7529
CUG	2.6996	1.281	1.4398	1.65	1.5722	0.799
CUU	0.6855	1.1653	1.0999	1.1812	1.0623	1.9437
UUA	0.2877	0.7521	0.7848	0.6375	0.5439	0.8835
UUG	0.6347	1.0579	0.7044	1.0781	0.8414	1.2369
AAC	1.629	0.7882	0.8876	0.9043	0.8932	0.8533
AAU	0.371	1.2118	1.1124	1.0957	1.1068	1.1467
CCA	1.4511	2.0441	1.6499	1.5091	1.7143	1.7155
CCC	1.0819	0.3787	0.5764	0.735	0.6433	0.3239
CCG	0.304	0.1746	0.1522	0.3817	0.2072	0.0715
CCU	1.1629	1.4026	1.6215	1.3742	1.4353	1.8891
CAA	0.6619	1.0985	1.0132	0.8716	0.6571	0.9749
CAG	1.3381	0.9015	0.9868	1.1284	1.3429	1.0251
AGA	1.8628	2.8364	2.1947	2.5443	3.2317	1.8876
AGG	0.8556	1.0364	0.4956	0.8924	1	0.9663
CGA	0.6173	0.9136	1.2389	0.5316	0.3171	0.764
CGC	0.9856	0.3	0.7788	0.7785	0.5244	0.7865
CGG	1.1264	0.2182	0.5841	0.7025	0.5976	0.3146
CGU	0.5523	0.6955	0.708	0.5506	0.3293	1.2809
AGC	1.9957	0.8927	0.8734	1.2096	0.9926	0.8133
AGU	0.5757	1.1751	1.0393	1.1138	0.8493	1.6933
UCA	0.6908	1.5593	1.1092	0.6946	1.5551	1.4
UCC	1.5736	0.9605	1.0131	1.4132	1.0147	0.7467
UCG	0.2942	0.0678	0.2882	0.2994	0.1103	0.0133
UCU	0.8699	1.3446	1.6769	1.2695	1.4779	1.3333
ACA	1.2437	1.5714	0.9794	1.4072	1.7269	1.0327
ACC	1.5462	0.6762	1.1237	1.4853	0.9515	1.1345
ACG	0.549	0.5714	0.2371	0.5603	0.3524	0.3782
ACU	0.6611	1.181	1.6598	0.5472	0.9692	1.4545
GUA	0.1818	1	0.7151	0.3926	0.619	1.3014
GUC	1.25	0.5373	0.8603	0.8064	0.3214	0.2488
GUG	2.1591	1.209	1.1173	1.5491	1.75	1.1866
GUU	0.4091	1.2537	1.3073	1.252	1.3095	1.2632
UAC	1.3927	0.8095	1.2	1.4921	0.9325	0.7912
UAU	0.6073	1.1905	0.8	0.5079	1.0675	1.2088
