GCA	0.076146714666667
GCC	0.094862213666667
GCG	0.034570525666667
GCU	0.080185865666667
UGC	0.067962857666667
UGU	0.067962857666667
GAC	0.062018409666667
GAU	0.062018409666667
GAA	0.049278561666667
GAG	0.049278561666667
UUC	0.10856770666667
UUU	0.10856770666667
GGA	0.028211621666667
GGC	0.050039365666667
GGG	0.023075331
GGU	0.063457404
CAC	0.082847151
CAU	0.082847151
AUA	0.036404110666667
AUC	0.193573808
AUU	0.070089931
AAA	0.014046108
AAG	0.014046108
CUA	0.027702798666667
CUC	0.061843261666667
CUG	0.395447456
CUU	0.169539207
UUA	0.045154815
UUG	0.055661822666667
AAC	0.098978212
AAU	0.098978212
CCA	0.043502182666667
CCC	0.074971984
CCG	0.012387748
CCU	0.061422946666667
CAA	0.034362354666667
CAG	0.034362354666667
AGA	0.298428731
AGG	0.038926369666667
CGA	0.10327867766667
CGC	0.058380184
CGG	0.10291045066667
CGU	0.103584788
AGC	0.199420787
AGU	0.13906675366667
UCA	0.16241415466667
UCC	0.0958055
UCG	0.016846670666667
UCU	0.071555985666667
ACA	0.088092093666667
ACC	0.10683414
ACG	0.01925374
ACU	0.191648068
GUA	0.164296127
GUC	0.14155136
GUG	0.16570885366667
GUU	0.12624875466667
UAC	0.091433128
UAU	0.091433128
