Protein_position	#Uploaded_variation	AF
30	X:107782983:A:G	0.0008
42	X:107783019:G:C	0.0003
71	X:107802365:G:A	0.0003
88	X:107807143:C:T	0.0003
107	X:107811901:C:T	0.0003
136	X:107814664:A:G	0.0011
145	X:107814693:T:C	0.0003
179	X:107816873:C:G	0.0003
194	X:107819173:A:G	0.0029
286	X:107823935:T:C	0.0005
287	X:107823938:G:A	0.0003
303	X:107824230:T:C	0.0013
345	X:107829847:A:C	0.0003
365	X:107829907:G:C	0.1505
396	X:107834309:C:T	0.0013
425	X:107834397:C:T	0.0000
430	X:107834411:C:A	0.0024
444	X:107834453:T:G	0.1494
450	X:107834801:A:G	0.0005
485	X:107838768:A:G	0.0003
499	X:107838812:A:G	0.0003
509	X:107840236:G:T	0.0003
547	X:107840659:C:T	0.0003
604	X:107841962:C:A	0.0003
620	X:107842010:A:G	0.0003
621	X:107842015:T:A	0.0003
660	X:107844653:C:T	0.0005
664	X:107844666:G:T	0.0032
673	X:107844691:A:G	0.0003
685	X:107845128:T:C	0.1499
694	X:107845155:A:T	0.0003
739	X:107846262:C:G	0.0034
739	X:107846263:C:A	0.0008
777	X:107850057:G:A	0.0005
783	X:107850076:G:A	0.1489
793	X:107850106:G:A	0.0005
848	X:107863523:A:G	0.0003
858	X:107863552:C:G	0.0005
869	X:107863586:A:G	0.0003
933	X:107865935:C:T	0.0003
953	X:107865996:G:T	0.0079
962	X:107866024:A:G	0.0003
993	X:107867527:T:G	0.0003
1008	X:107868941:A:G	0.0005
1010	X:107868947:A:G	0.0074
1022	X:107868983:C:A	0.0003
1050	X:107869481:C:T	0.0011
1070	X:107869541:A:G	0.0003
1119	X:107898671:C:A	0.0003
1142	X:107908789:C:T	0.0003
1156	X:107909739:T:C	0.0013
1171	X:107909784:A:G	0.1780
1173	X:107909790:T:G	0.0286
1203	X:107911553:A:G	0.0003
1213	X:107911582:C:T	0.0003
1246	X:107911680:G:T	0.0003
1257	X:107911715:A:G	0.0005
1270	X:107920731:T:A	0.0003
1320	X:107923924:C:T	0.0005
1358	X:107924171:C:A	0.0003
1359	X:107924174:A:G	0.0003
1370	X:107925011:C:T	0.0003
1373	X:107925019:C:A	0.0003
1377	X:107925031:A:C	0.0003
1408	X:107929267:C:G	0.0024
1416	X:107929290:C:T	0.0003
1431	X:107929337:C:T	0.1274
1442	X:107930722:T:A	0.0003
1451	X:107930749:A:T	0.0005
1500	X:107930896:A:G	0.0117
1578	X:107938062:G:A	0.0003
1587	X:107938091:C:T	0.0003
1616	X:107938522:C:T	0.0005
1621	X:107938537:C:T	0.0005
1622	X:107938541:C:T	0.0003
1676	X:107939558:G:A	0.0003
1688	X:107939594:A:G	0.0003
1688	X:107939596:G:T	0.0003
